erc_seq,erc_datetime,erc_addr,erc_amount,erc_idatetime,erc_iaddr,erc_memcode,erc_memid,erc_check,erc_hoocode,erc_idate,erc_odate,bit_sale_number,new_sale_number,erc_txid,erc_exchange,s_amount
1,2019-10-06 20:48:57.570,0x4Cead48cEf0d1B136e9937DC2Ed969318Dd2Ce31,74626.86567164,NULL,0x89b7d7d81ee9260e38f69e6f8e89c09be8b9e09f,0019100016,TEST1002,1,,20191006204857,20191007024857,2019100600001,2019100600001,0x133cbb028cb21a6qwer94b87fe54ce1672ee636b9622f08d26ed08f86836ae37,0.00134,100
2,2019-10-06 21:00:10.770,0x4Cead48cEf0d1B136e9937DC2Ed969318Dd2Ce31,74626.86567164,NULL,0x89b7d7d81ee9260e38f69e6f8e89c09be8b9e11f,0019100045,TEST1003,1,0019100016,20191006210010,20191007030010,2019100600002,2019100600002,0x133cbb028cb21a6zxcv94b87fe54ce1672ee636b9622f08d26ed08f86836ae37,0.00134,100
3,2019-10-06 21:41:24.340,0x4Cead48cEf0d1B136e9937DC2Ed969318Dd2Ce31,74626.86567164,NULL,0x89b7d7d81ee9260e38f69e6f8e89c09be8b9e11f,0019100045,TEST1003,1,,20191006214124,20191007034124,2019100600005,2019100600006,0x133cbb028cb21a6qazx94b87fe54ce1672ee636b9622f08d26ed08f86836ae37,0.00134,100
4,2019-10-06 21:52:42.263,0x4Cead48cEf0d1B136e9937DC2Ed969318Dd2Ce31,74626.86567164,NULL,0x0838De716F490a928abF362F8CEC9a3e8A44DFb1,0019100020,CHOCAPS31,2,,20191006215242,20191007035242,2019100600006,NULL,NULL,0.00134,100
5,2019-10-06 21:55:30.497,0x4Cead48cEf0d1B136e9937DC2Ed969318Dd2Ce31,74626.86567164,NULL,0x78D6CFa3a718780790Ef520729738A459092750D,0019100020,CHOCAPS31,0,,20191006215530,20191007035530,2019100600007,NULL,NULL,0.00134,100
6,2019-10-06 22:20:08.547,0x4Cead48cEf0d1B136e9937DC2Ed969318Dd2Ce31,74626.86567164,NULL,0x0838De716F490a928abF362F8CEC9a3e8A44DFb1,0019100019,CHOCAPS30,1,0019043523,20191006222008,20191007042008,2019100600008,2019100700001,0x0fc4f71a56b792e905b548fd4b1e9bf97dfddcf5b52aff1f12e9c9a74dcec07a,0.00134,100
7,2019-10-06 22:37:30.360,0x4Cead48cEf0d1B136e9937DC2Ed969318Dd2Ce31,74626.8657,NULL,0x89b7d7d81ee9260e38f69e6f8e89c09be8b9e11f,0019100045,TEST1003,1,,20191006223730,20191007043730,2019100600009,2019100600007,0x133cbb028cb21a6idhjf94b87fe54ce1672ee636b9622f08d26ed08f86836ae37,0.00134,100
8,2019-10-07 01:38:23.680,0x4Cead48cEf0d1B136e9937DC2Ed969318Dd2Ce31,80000,NULL,0x0838De716F490a928abF362F8CEC9a3e8A44DFb1,0019100047,CHOCAPS32,1,0019100020,20191007013823,20191007073823,2019100700001,2019100700001,0x1de3922d38b2e4e7d3c3b88cbebefdb31bea5424344bae7190ee7a35606f4ecb,0.00125,100
9,2019-10-07 02:29:26.153,0x4Cead48cEf0d1B136e9937DC2Ed969318Dd2Ce31,80000,NULL,0x89b7d7d81ee9260e38f69e6f8e89c09be8b9e11f,0019100045,TEST1003,1,,20191007022926,20191007082926,2019100700003,2019100700006,0x133cbb028cb21a6pknt94b87fe54ce1672ee636b9622f08d26ed08f86836ae37,0.00125,100
10,2019-10-07 13:17:31.850,0x4Cead48cEf0d1B136e9937DC2Ed969318Dd2Ce31,800000,NULL,0x1049B95f2d6b2BF0da9b1f4F9a9a7450775fA154,0019040630,SK1319,2,,20191007131731,20191007191731,2019100700008,NULL,NULL,0.00125,1000
11,2019-10-07 13:25:20.150,0x4Cead48cEf0d1B136e9937DC2Ed969318Dd2Ce31,800000,NULL,0x1049B95f2d6b2BF0da9b1f4F9a9a7450775fA154,0019040630,SK1319,2,,20191007132520,20191007192520,2019100700009,NULL,NULL,0.00125,1000
12,2019-10-10 11:13:49.197,0x4Cead48cEf0d1B136e9937DC2Ed969318Dd2Ce31,1000000,NULL,fdsfdsfdsfdvrevervrfvg,0019051196,CHOCAPS12,0,,20191010111349,20191010171349,2019101000001,NULL,NULL,0.001,1000
13,2019-10-10 12:35:41.470,0x4Cead48cEf0d1B136e9937DC2Ed969318Dd2Ce31,917431.1927,NULL,0xb19548B31f4dD5F18e0Ef83cc20767914CC370ae,0019071823,SYA5405,0,,20191010123541,20191010183541,2019101000002,NULL,NULL,0.00109,1000
14,2019-10-10 18:52:49.633,0x4Cead48cEf0d1B136e9937DC2Ed969318Dd2Ce31,217391.3043,NULL,0xddEC01048Fa91e557508d325F237678199AA6eaA-new6160,0019100061,LGSN70572,0,,20191010185249,20191011005249,2019101000005,NULL,NULL,0.00092,200
15,2019-10-10 18:56:25.183,0x4Cead48cEf0d1B136e9937DC2Ed969318Dd2Ce31,300000,NULL,0xddEC01048Fa91e557508d325F237678199AA6eaA-new6160,0019080086,LJTS73593,0,,20191010185625,20191011005625,2019101000006,NULL,NULL,0.001,300
16,2019-10-10 18:57:45.457,0x4Cead48cEf0d1B136e9937DC2Ed969318Dd2Ce31,100000,NULL,0xddEC01048Fa91e557508d325F237678199AA6eaA-new6160,0019090316,LJMH78563,0,,20191010185745,20191011005745,2019101000007,NULL,NULL,0.001,100
17,2019-10-14 15:56:52.150,0x4Cead48cEf0d1B136e9937DC2Ed969318Dd2Ce31,909090.9091,NULL,0xd3d8Cd63Dfcb3D6432B5f02B86D7A27a5450e7Ee,0019070699,DWKS535,2,,20191014155652,20191014215652,2019101400001,NULL,NULL,0.0011,1000
18,2019-10-14 17:40:20.213,0x4Cead48cEf0d1B136e9937DC2Ed969318Dd2Ce31,90909.0909,NULL,0xC81678416c42e6246bC9B353FE614607A2a3e0A4,0019051869,HJB0022,0,,20191014174020,20191014234020,2019101400002,NULL,NULL,0.0011,100
19,2019-10-14 19:11:30.820,0x4Cead48cEf0d1B136e9937DC2Ed969318Dd2Ce31,909090.9091,NULL,0x4Cead48cEf0d1B136e9937DC2Ed969318Dd2Ce31,0019100107,POH0069,2,0019040062,20191014191130,20191015011130,2019101400004,NULL,NULL,0.0011,1000
20,2019-10-14 19:24:04.123,0x4Cead48cEf0d1B136e9937DC2Ed969318Dd2Ce31,909090.9091,NULL,0xB93d3c1FCDF528756A7442631d6C51A80B511C86,0019100107,POH0069,2,0019040062,20191014192404,20191015012404,2019101400005,NULL,NULL,0.0011,1000
21,2019-10-16 16:28:35.677,0x4Cead48cEf0d1B136e9937DC2Ed969318Dd2Ce31,917431.1927,NULL,0x8e7D4eA685C84f474e766e0b4EB22C8493fD52bA,0019071848,CGIM9666,0,,20191016162835,20191016222835,2019101600002,NULL,NULL,0.00109,1000
22,2019-10-17 17:40:13.640,0x4Cead48cEf0d1B136e9937DC2Ed969318Dd2Ce31,990099.0099,NULL,0xB93d3c1FCDF528756A7442631d6C51A80B511C86,0019100107,POH0069,2,0019040062,20191017174013,20191017234013,2019101700001,NULL,NULL,0.00101,1000
23,2019-10-17 19:00:59.947,0x4Cead48cEf0d1B136e9937DC2Ed969318Dd2Ce31,98039.2157,NULL,0xddEC01048Fa91e557508d325F237678199AA6eaA,0019100072,TEST1009,1,,20191017190059,20191018010059,2019101700004,2019101700005,trans20191017190449,0.00102,100
24,2019-10-17 19:10:19.757,0x4Cead48cEf0d1B136e9937DC2Ed969318Dd2Ce31,490196.0784,NULL,0xddEC01048Fa91e557508d325F237678199AA6eaA,0019100072,TEST1009,1,,20191017191019,20191018011019,2019101700005,2019101700006,trans20191017191038,0.00102,500
25,2019-10-17 19:22:17.760,0x4Cead48cEf0d1B136e9937DC2Ed969318Dd2Ce31,98039.2157,NULL,0xddEC01048Fa91e557508d325F237678199AA6eaA,0019100119,TEST1017,1,0019100072,20191017192217,20191018012217,2019101700006,2019101700007,trans20191017192236,0.00102,100
26,2019-10-21 18:41:14.203,0x4Cead48cEf0d1B136e9937DC2Ed969318Dd2Ce31,1063829.7872,NULL,0xB93d3c1FCDF528756A7442631d6C51A80B511C86,0019100107,POH0069,1,0019040062,20191021184114,20191022004114,2019102100003,2019102100009,trans20191021185437,0.00094,1000
27,2019-10-31 12:13:07.300,0x4Cead48cEf0d1B136e9937DC2Ed969318Dd2Ce31,1162790.6977,NULL,0xd3d8Cd63Dfcb3D6432B5f02B86D7A27a5450e7Ee,0019070699,DWKS535,0,,20191031121307,20191031181307,2019103100002,NULL,NULL,0.00086,1000
28,2019-10-31 18:22:57.307,0x4Cead48cEf0d1B136e9937DC2Ed969318Dd2Ce31,813953.4884,NULL,0xdD8872637Be1d4D206fAe3801C4DCf6281c367AD,0019030044,SS5677,1,,20191031182257,20191101002257,2019103100006,2019103100026,trans20191031184659,0.00086,700
29,2019-10-31 18:54:04.067,0x4Cead48cEf0d1B136e9937DC2Ed969318Dd2Ce31,813953.4884,NULL,0xdD8872637Be1d4D206fAe3801C4DCf6281c367AD,0019030044,SS5677,1,,20191031185404,20191101005404,2019103100007,2019103100028,trans20191031185622,0.00086,700
30,2019-11-01 10:08:19.273,0x4Cead48cEf0d1B136e9937DC2Ed969318Dd2Ce31,3191489.3617,NULL,0xc5ac77eae59ef60c4975c9e3da8b55a54a009621,0019040630,SK1319,2,,20191101100819,20191101160819,2019110100001,NULL,NULL,0.00094,3000
31,2019-11-01 15:08:19.623,0x4Cead48cEf0d1B136e9937DC2Ed969318Dd2Ce31,1063829.7872,NULL,0x4Cead48cEf0d1B136e9937DC2Ed969318Dd2Ce31,0019040630,SK1319,0,,20191101150819,20191101210819,2019110100002,NULL,NULL,0.00094,1000
32,2019-11-04 16:01:25.440,0x4Cead48cEf0d1B136e9937DC2Ed969318Dd2Ce31,315789.4737,NULL,0xdD8872637Be1d4D206fAe3801C4DCf6281c367AD,0019100168,OKOK59,1,,20191104160125,20191104220125,2019110400001,2019110400004,trans20191104161658,0.00095,300
33,2019-11-06 15:59:32.997,0x4Cead48cEf0d1B136e9937DC2Ed969318Dd2Ce31,1149425.2874,NULL,0xb19548B31f4dD5F18e0Ef83cc20767914CC370ae,0019110013,KKS3600,1,0019071848,20191106155932,20191106215932,2019110600001,2019110600001,trans20191106162356,0.00087,1000
34,2019-11-06 16:17:11.290,0x4Cead48cEf0d1B136e9937DC2Ed969318Dd2Ce31,105263.1579,NULL,0x379Cba1ea3dFB0A5D9F04EE488F9793A58376F1a,0019041445,BB1018,1,,20191106161711,20191106221711,2019110600002,2019110600002,trans20191106162359,0.00095,100
35,2019-11-06 16:22:35.920,0x4Cead48cEf0d1B136e9937DC2Ed969318Dd2Ce31,105263.1579,NULL,0x379Cba1ea3dFB0A5D9F04EE488F9793A58376F1a,0019051875,EHJ3004,1,,20191106162235,20191106222235,2019110600003,2019110600003,trans20191106162403,0.00095,100
36,2019-11-08 14:44:48.870,0x4Cead48cEf0d1B136e9937DC2Ed969318Dd2Ce31,114942.5287,NULL,0x379Cba1ea3dFB0A5D9F04EE488F9793A58376F1a,0019051878,EHJ3007,1,,20191108144448,20191108204448,2019110800001,2019110800001,trans20191108144736,0.00087,100
37,2019-11-08 14:47:23.770,0x4Cead48cEf0d1B136e9937DC2Ed969318Dd2Ce31,114942.5287,NULL,0x379Cba1ea3dFB0A5D9F04EE488F9793A58376F1a,0019051882,EHJ3011,1,,20191108144723,20191108204723,2019110800002,2019110800002,trans20191108155818,0.00087,100
38,2019-11-08 14:50:04.893,0x4Cead48cEf0d1B136e9937DC2Ed969318Dd2Ce31,114942.5287,NULL,0x379Cba1ea3dFB0A5D9F04EE488F9793A58376F1a,0019051885,EHJ3014,1,,20191108145004,20191108205004,2019110800003,2019110800003,trans20191108155824,0.00087,100
39,2019-11-08 18:42:11.883,0x4Cead48cEf0d1B136e9937DC2Ed969318Dd2Ce31,105263.1579,NULL,0x379Cba1ea3dFB0A5D9F04EE488F9793A58376F1a,0019051873,EHJ3002,1,,20191108184211,20191109004211,2019110800007,2019110800008,trans20191108184720,0.00095,100
40,2019-11-08 18:45:06.920,0x4Cead48cEf0d1B136e9937DC2Ed969318Dd2Ce31,105263.1579,NULL,0x379Cba1ea3dFB0A5D9F04EE488F9793A58376F1a,0019051880,EHJ3009,1,,20191108184506,20191109004506,2019110800008,2019110800010,trans20191108193147,0.00095,100
41,2019-11-08 18:49:14.757,0x4Cead48cEf0d1B136e9937DC2Ed969318Dd2Ce31,105263.1579,NULL,0x379Cba1ea3dFB0A5D9F04EE488F9793A58376F1a,0019051305,EHJ1024,1,,20191108184914,20191109004914,2019110800010,2019110800011,trans20191108193149,0.00095,100
42,2019-11-08 18:51:45.143,0x4Cead48cEf0d1B136e9937DC2Ed969318Dd2Ce31,105263.1579,NULL,0x379Cba1ea3dFB0A5D9F04EE488F9793A58376F1a,0019051849,EHJ2004,1,,20191108185145,20191109005145,2019110800011,2019110800012,trans20191108193154,0.00095,100
43,2019-11-08 18:55:07.637,0x4Cead48cEf0d1B136e9937DC2Ed969318Dd2Ce31,105263.1579,NULL,0x379Cba1ea3dFB0A5D9F04EE488F9793A58376F1a,0019051316,EHJ1035,1,,20191108185507,20191109005507,2019110800012,2019110800013,trans20191108193157,0.00095,100
44,2019-11-08 18:57:46.897,0x4Cead48cEf0d1B136e9937DC2Ed969318Dd2Ce31,105263.1579,NULL,0x379Cba1ea3dFB0A5D9F04EE488F9793A58376F1a,0019051503,EHJ2005,1,,20191108185746,20191109005746,2019110800013,2019110800014,trans20191108193201,0.00095,100
45,2019-11-08 19:00:24.600,0x4Cead48cEf0d1B136e9937DC2Ed969318Dd2Ce31,105263.1579,NULL,0x379Cba1ea3dFB0A5D9F04EE488F9793A58376F1a,0019051860,HJB0013,1,,20191108190024,20191109010024,2019110800014,2019110800015,trans20191108193204,0.00095,100
46,2019-11-10 17:22:36.230,0x4Cead48cEf0d1B136e9937DC2Ed969318Dd2Ce31,105263.1579,NULL,0xC81678416c42e6246bC9B353FE614607A2a3e0A4,0019051863,HJB0016,2,,20191110172236,20191110232236,2019111000001,NULL,NULL,0.00095,100
47,2019-11-11 17:04:16.470,0x4Cead48cEf0d1B136e9937DC2Ed969318Dd2Ce31,1063829.7872,NULL,0xdD8872637Be1d4D206fAe3801C4DCf6281c367AD,0019050851,ASD3001,1,,20191111170416,20191111230416,2019111100002,2019111100002,trans20191111173452,0.00094,1000
48,2019-11-11 17:20:39.273,0x4Cead48cEf0d1B136e9937DC2Ed969318Dd2Ce31,1063829.7872,NULL,0xdD8872637Be1d4D206fAe3801C4DCf6281c367AD,0019110022,JYS02,2,0019070475,20191111172039,20191111232039,2019111100003,NULL,NULL,0.00094,1000
49,2019-11-12 11:11:26.087,0x4Cead48cEf0d1B136e9937DC2Ed969318Dd2Ce31,116279.0698,NULL,0xC81678416c42e6246bC9B353FE614607A2a3e0A4,0019110025,BDO4115,1,0019051283,20191112111126,20191112171126,2019111200001,2019111200001,trans20191112111247,0.00086,100
50,2019-11-13 16:15:31.627,0x4Cead48cEf0d1B136e9937DC2Ed969318Dd2Ce31,116279.0698,NULL,0xC81678416c42e6246bC9B353FE614607A2a3e0A4,0019051863,HJB0016,1,,20191113161531,20191113221531,2019111300002,2019111300002,trans20191113162606,0.00086,100
51,2019-11-13 16:18:40.827,0x4Cead48cEf0d1B136e9937DC2Ed969318Dd2Ce31,116279.0698,NULL,0xC81678416c42e6246bC9B353FE614607A2a3e0A4,0019051867,HJB0020,1,,20191113161840,20191113221840,2019111300003,2019111300003,trans20191113162611,0.00086,100
52,2019-11-13 17:10:16.707,0x4Cead48cEf0d1B136e9937DC2Ed969318Dd2Ce31,1162790.6977,NULL,0xdD8872637Be1d4D206fAe3801C4DCf6281c367AD,0019110022,JYS02,0,0019070470,20191113171016,20191113231016,2019111300004,NULL,NULL,0.00086,1000
53,2019-11-13 18:00:21.283,0x4Cead48cEf0d1B136e9937DC2Ed969318Dd2Ce31,116279.0698,NULL,0xC81678416c42e6246bC9B353FE614607A2a3e0A4,0019051116,USA5882,1,,20191113180021,20191114000021,2019111300005,2019111300006,trans20191113181843,0.00086,100
54,2019-11-14 13:34:09.957,0x4Cead48cEf0d1B136e9937DC2Ed969318Dd2Ce31,3529411.7647,NULL,0xE4aD1C2e34452f25fCBB0446218a836DE09b9f9E,0019090302,NHK05551,1,,20191114133409,20191114193409,2019111400001,2019111400002,trans20191114134722,0.00085,3000
55,2019-11-14 15:38:03.753,0x4Cead48cEf0d1B136e9937DC2Ed969318Dd2Ce31,1063829.7872,NULL,0x379Cba1ea3dFB0A5D9F04EE488F9793A58376F1a,0019070474,OKCH05,1,,20191114153803,20191114213803,2019111400002,2019111400003,trans20191114154637,0.00094,1000
56,2019-11-14 16:49:24.267,0x4Cead48cEf0d1B136e9937DC2Ed969318Dd2Ce31,212765.9574,NULL,0x379Cba1ea3dFB0A5D9F04EE488F9793A58376F1a,0019041428,BB1001,1,,20191114164924,20191114224924,2019111400003,2019111400004,trans20191114171030,0.00094,200
57,2019-11-14 17:11:23.890,0x4Cead48cEf0d1B136e9937DC2Ed969318Dd2Ce31,1063829.7872,NULL,0x379Cba1ea3dFB0A5D9F04EE488F9793A58376F1a,0019110031,HSM3004,1,0019080118,20191114171123,20191114231123,2019111400004,2019111400005,trans20191114182750,0.00094,1000
58,2019-11-28 12:20:04.283,0x4Cead48cEf0d1B136e9937DC2Ed969318Dd2Ce31,840336.1345,NULL,0xE4aD1C2e34452f25fCBB0446218a836DE09b9f9E,0019090302,NHK05551,1,,20191128122004,20191128182004,2019112800001,2019112800002,trans20191128123300,0.00119,1000
59,2019-11-28 12:46:10.620,0x4Cead48cEf0d1B136e9937DC2Ed969318Dd2Ce31,1818181.8182,NULL,0xE4aD1C2e34452f25fCBB0446218a836DE09b9f9E,0019110054,BMJ26701,1,0019100065,20191128124610,20191128184610,2019112800002,2019112800008,trans20191128130125,0.0011,2000
60,2019-11-28 15:56:05.397,0x4Cead48cEf0d1B136e9937DC2Ed969318Dd2Ce31,980392.1569,NULL,0x65ffb7F3B7044cE33097c8066d426e0d45464750,0019030463,K2818,1,,20191128155605,20191128215605,2019112800005,2019112800016,0x5c0f385f47fc8d6526c0937264f9d871f37bdb4d37581bfebc3cc0316cb741e2,0.00102,1000
61,2019-11-28 18:38:41.247,0x4Cead48cEf0d1B136e9937DC2Ed969318Dd2Ce31,787401.5748,NULL,0xddEC01048Fa91e557508d325F237678199AA6eaA,0019100101,LIGB69414,1,,20191128183841,20191129003841,2019112800010,2019112800017,trans20191128184949,0.00127,1000
62,2019-11-28 18:41:12.340,0x4Cead48cEf0d1B136e9937DC2Ed969318Dd2Ce31,787401.5748,NULL,0xddEC01048Fa91e557508d325F237678199AA6eaA,0019100102,LIGB69415,1,,20191128184112,20191129004112,2019112800011,2019112800018,trans20191128185212,0.00127,1000
63,2019-11-28 18:43:51.870,0x4Cead48cEf0d1B136e9937DC2Ed969318Dd2Ce31,787401.5748,NULL,0xddEC01048Fa91e557508d325F237678199AA6eaA,0019110058,LGEC80113,1,0019110032,20191128184351,20191129004351,2019112800012,2019112800019,trans20191128185216,0.00127,1000
64,2019-11-28 18:58:03.853,0x4Cead48cEf0d1B136e9937DC2Ed969318Dd2Ce31,472440.9449,NULL,0xddEC01048Fa91e557508d325F237678199AA6eaA,0019100135,LJMH78564,1,,20191128185803,20191129005803,2019112800013,2019112800020,trans20191128190010,0.00127,600
65,2019-11-28 19:01:08.000,0x4Cead48cEf0d1B136e9937DC2Ed969318Dd2Ce31,393700.7874,NULL,0xddEC01048Fa91e557508d325F237678199AA6eaA,0019100164,LIHY49113,1,,20191128190107,20191129010107,2019112800014,2019112800021,trans20191128190358,0.00127,500
66,2019-11-28 19:07:28.213,0x4Cead48cEf0d1B136e9937DC2Ed969318Dd2Ce31,393700.7874,NULL,0xddEC01048Fa91e557508d325F237678199AA6eaA,0019110062,LIHY49114,2,0019100164,20191128190728,20191129010728,2019112800015,NULL,NULL,0.00127,500
67,2019-11-28 19:13:50.447,0x4Cead48cEf0d1B136e9937DC2Ed969318Dd2Ce31,326797.3856,NULL,0xddEC01048Fa91e557508d325F237678199AA6eaA,0019110062,LIHY49114,1,0019100164,20191128191350,20191129011350,2019112800016,2019112800026,trans20191128191625,0.00153,500
68,2019-11-28 19:14:30.200,0x4Cead48cEf0d1B136e9937DC2Ed969318Dd2Ce31,326797.3856,NULL,0xddEC01048Fa91e557508d325F237678199AA6eaA,0019100164,LIHY49113,1,,20191128191430,20191129011430,2019112800017,2019112800027,trans20191128191628,0.00153,500
69,2019-11-28 19:16:15.097,0x4Cead48cEf0d1B136e9937DC2Ed969318Dd2Ce31,1960784.3137,NULL,0xE4aD1C2e34452f25fCBB0446218a836DE09b9f9E,0019100031,LHO98442,1,,20191128191615,20191129011615,2019112800018,2019112800029,trans20191128192503,0.00153,3000
70,2019-11-28 19:21:06.100,0x4Cead48cEf0d1B136e9937DC2Ed969318Dd2Ce31,1960784.3137,NULL,0xE4aD1C2e34452f25fCBB0446218a836DE09b9f9E,0019100030,LHO98441,1,,20191128192106,20191129012106,2019112800019,2019112800030,trans20191128192506,0.00153,3000
71,2019-11-29 19:11:29.877,0x4Cead48cEf0d1B136e9937DC2Ed969318Dd2Ce31,694444.4444,NULL,0xB93d3c1FCDF528756A7442631d6C51A80B511C86,0019040060,GOH2125,2,,20191129191129,20191130011129,2019112900008,NULL,NULL,0.00144,1000
72,2019-11-29 19:16:16.923,0x4Cead48cEf0d1B136e9937DC2Ed969318Dd2Ce31,694444.4444,NULL,0xB93d3c1FCDF528756A7442631d6C51A80B511C86,0019110077,GHS8309,2,0019040060,20191129191616,20191130011616,2019112900009,NULL,NULL,0.00144,1000
73,2019-11-29 20:09:58.140,0x4Cead48cEf0d1B136e9937DC2Ed969318Dd2Ce31,694444.4444,NULL,0xd8189628BaFfD6801F00AfEbbC14287F4bcCa84d,0019062617,HAPPYSJ2,2,,20191129200958,20191130020958,2019112900010,NULL,NULL,0.00144,1000
74,2019-11-29 20:19:47.360,0x4Cead48cEf0d1B136e9937DC2Ed969318Dd2Ce31,694444.4444,NULL,0x4Cead48cEf0d1B136e9937DC2Ed969318Dd2Ce31,0019062617,HAPPYSJ2,2,,20191129201947,20191130021947,2019112900011,NULL,NULL,0.00144,1000
75,2019-11-29 22:51:12.513,0x4Cead48cEf0d1B136e9937DC2Ed969318Dd2Ce31,694444.4444,NULL,0x4Cead48cEf0d1B136e9937DC2Ed969318Dd2Ce31,0019110080,CHJ3385,0,,20191129225112,20191130045112,2019112900013,NULL,NULL,0.00144,1000
76,2019-11-30 14:18:35.810,0x4Cead48cEf0d1B136e9937DC2Ed969318Dd2Ce31,787401.5748,NULL,0xB93d3c1FCDF528756A7442631d6C51A80B511C86,0019040060,GOH2125,1,,20191130141835,20191130201835,2019113000002,2019113000008,trans20191130160228,0.00127,1000
77,2019-11-30 14:24:36.050,0x4Cead48cEf0d1B136e9937DC2Ed969318Dd2Ce31,787401.5748,NULL,0xB93d3c1FCDF528756A7442631d6C51A80B511C86,0019110077,GHS8309,1,0019040060,20191130142435,20191130202435,2019113000003,2019113000009,trans20191130160233,0.00127,1000
78,2019-11-30 14:32:49.797,0x4Cead48cEf0d1B136e9937DC2Ed969318Dd2Ce31,787401.5748,NULL,0x366b5194953c70627BBe5f8f4BFa516bA2EBBDE2,0019110057,KYJ0343,0,0019072173,20191130143249,20191130203249,2019113000004,NULL,NULL,0.00127,1000
79,2019-11-30 15:09:49.227,0x4Cead48cEf0d1B136e9937DC2Ed969318Dd2Ce31,787401.5748,NULL,0x6B17482562f8A6D5F22c3E6bD53E829eA233D148,0019072202,KJS7330,1,,20191130150949,20191130210949,2019113000007,2019113000006,trans20191130160221,0.00127,1000
80,2019-11-30 17:15:15.117,0x4Cead48cEf0d1B136e9937DC2Ed969318Dd2Ce31,787401.5748,NULL,0x4Cead48cEf0d1B136e9937DC2Ed969318Dd2Ce31,0019071321,GUWONJA2,0,,20191130171515,20191130231515,2019113000015,NULL,NULL,0.00127,1000
81,2019-11-30 18:23:31.467,0x4Cead48cEf0d1B136e9937DC2Ed969318Dd2Ce31,694444.4444,NULL,0x169CeB393D4B25859442d7E6c975aaB4984e9ad6,0019062325,KYS8271,1,,20191130182331,20191201002331,2019113000018,2019113000015,trans20191130190129,0.00144,1000
82,2019-11-30 18:55:51.130,0x4Cead48cEf0d1B136e9937DC2Ed969318Dd2Ce31,694444.4444,NULL,0x4Cead48cEf0d1B136e9937DC2Ed969318Dd2Ce31,0019062617,HAPPYSJ2,0,,20191130185551,20191201005551,2019113000019,NULL,NULL,0.00144,1000
83,2019-11-30 20:21:45.127,0x4Cead48cEf0d1B136e9937DC2Ed969318Dd2Ce31,2941176.4706,NULL,0x98583dDCE5E25286CcA072eED9AfCe9d7B532735,0019110083,JYS5355,1,0019051551,20191130202145,20191201022145,2019113000021,2019113000016,0x852a6b862947dca3d4cd3bb9ad84a7d8e43056058af7608e139f5ba46794e766,0.00136,4000
84,2019-11-30 22:52:30.467,0x4Cead48cEf0d1B136e9937DC2Ed969318Dd2Ce31,735294.1176,NULL,0x98583dDCE5E25286CcA072eED9AfCe9d7B532735,0019051551,PSB1460,1,,20191130225230,20191201045230,2019113000022,2019113000020,0x2e24a999032eaf2103c526d4b706470cc9be6fe9def671d9c4250383b8fce82b,0.00136,1000
85,2019-11-30 23:58:03.163,0x4Cead48cEf0d1B136e9937DC2Ed969318Dd2Ce31,735294.1176,NULL,0x98583dDCE5E25286CcA072eED9AfCe9d7B532735,0019060864,EJLIM65,1,,20191130235803,20191201055803,2019113000026,2019113000025,0x0d99ed28557215f257ca74eb6d9506342a1795fce215376bfef5c02a3a93cd2e,0.00136,1000
86,2019-12-01 00:00:26.310,0x4Cead48cEf0d1B136e9937DC2Ed969318Dd2Ce31,735294.1176,NULL,0x98583dDCE5E25286CcA072eED9AfCe9d7B532735,0019060900,HJLIM65,1,,20191201000026,20191201060026,2019120100001,2019120100001,0x254bb47d88c9be0c121ae1bbafa9c257471bf9565ed218391732f684aa62c9f2,0.00136,1000
87,2019-12-01 18:50:06.007,0x4Cead48cEf0d1B136e9937DC2Ed969318Dd2Ce31,840336.1345,NULL,0x169CeB393D4B25859442d7E6c975aaB4984e9ad6,0019063110,LIY2128,1,,20191201185005,20191202005005,2019120100002,2019120100006,trans20191201200144,0.00119,1000
88,2019-12-02 14:06:50.377,0x4Cead48cEf0d1B136e9937DC2Ed969318Dd2Ce31,1470588.2353,NULL,0xB93d3c1FCDF528756A7442631d6C51A80B511C86,0019120009,KMS4163,1,0019120008,20191202140650,20191202200650,2019120200001,2019120200025,trans20191202163940,0.00136,2000
89,2019-12-02 15:42:08.973,0x4Cead48cEf0d1B136e9937DC2Ed969318Dd2Ce31,740740.7407,NULL,0x8D3108b906341fcD41fB58cCDc21Fda46f6d0cC7,0019061457,MAN3536,1,,20191202154208,20191202214208,2019120200002,2019120200018,trans20191202154540,0.00135,1000
90,2019-12-02 16:08:40.043,0x4Cead48cEf0d1B136e9937DC2Ed969318Dd2Ce31,740740.7407,NULL,0xddEC01048Fa91e557508d325F237678199AA6eaA,0019100135,LJMH78564,1,,20191202160840,20191202220840,2019120200003,2019120200024,trans20191202163658,0.00135,1000
91,2019-12-02 16:54:30.407,0x4Cead48cEf0d1B136e9937DC2Ed969318Dd2Ce31,74074.0741,NULL,0x4Cead48cEf0d1B136e9937DC2Ed969318Dd2Ce31,0019110071,LGTH45492,0,,20191202165430,20191202225430,2019120200004,NULL,NULL,0.00135,100
92,2019-12-02 17:42:22.980,0x4Cead48cEf0d1B136e9937DC2Ed969318Dd2Ce31,694444.4444,NULL,0xddEC01048Fa91e557508d325F237678199AA6eaA,0019120018,LSGN97982,1,0019100167,20191202174222,20191202234222,2019120200005,2019120200036,trans20191202174635,0.00144,1000
93,2019-12-02 17:48:22.490,0x4Cead48cEf0d1B136e9937DC2Ed969318Dd2Ce31,694444.4444,NULL,0xddEC01048Fa91e557508d325F237678199AA6eaA,0019120019,LSGN97983,1,0019120018,20191202174822,20191202234822,2019120200006,2019120200037,trans20191202175344,0.00144,1000
94,2019-12-02 17:51:09.317,0x4Cead48cEf0d1B136e9937DC2Ed969318Dd2Ce31,694444.4444,NULL,0xddEC01048Fa91e557508d325F237678199AA6eaA,0019110018,LJTS73595,1,,20191202175109,20191202235109,2019120200007,2019120200038,trans20191202175959,0.00144,1000
95,2019-12-02 23:23:48.033,0x4Cead48cEf0d1B136e9937DC2Ed969318Dd2Ce31,1481481.4815,NULL,0x98583dDCE5E25286CcA072eED9AfCe9d7B532735,0019042203,PSH5100,1,,20191202232348,20191203052348,2019120200008,2019120200044,0xba2d265e987ae343dbf17053643d02aa5e583bdb2553f1bcc4b0e95a9cd7d701,0.00135,2000
96,2019-12-03 13:56:36.483,0x4Cead48cEf0d1B136e9937DC2Ed969318Dd2Ce31,740740.7407,NULL,0xddEC01048Fa91e557508d325F237678199AA6eaA,0019120021,LISI65406,1,0019110032,20191203135636,20191203195636,2019120300001,2019120300003,trans20191203152816,0.00135,1000
97,2019-12-03 15:13:02.813,0x4Cead48cEf0d1B136e9937DC2Ed969318Dd2Ce31,2362204.7244,NULL,0xdD8872637Be1d4D206fAe3801C4DCf6281c367AD,0019030044,SS5677,1,,20191203151302,20191203211302,2019120300002,2019120300004,trans20191203152820,0.00127,3000
98,2019-12-03 19:01:48.227,0x4Cead48cEf0d1B136e9937DC2Ed969318Dd2Ce31,370370.3704,NULL,0xddEC01048Fa91e557508d325F237678199AA6eaA,0019080073,LGTS79982,1,,20191203190148,20191204010148,2019120300003,2019120300013,trans20191203191332,0.00135,500
99,2019-12-03 21:00:01.727,0x4Cead48cEf0d1B136e9937DC2Ed969318Dd2Ce31,74626.8657,NULL,0xddEC01048Fa91e557508d325F237678199AA6eaA,0019100108,LGJO24902,1,,20191203210001,20191204030001,2019120300004,2019120300015,trans20191203211955,0.00134,100
100,2019-12-04 15:44:32.113,0x4Cead48cEf0d1B136e9937DC2Ed969318Dd2Ce31,854700.8547,NULL,0x0dc30FF9C7ecb1F606aF40aDC19Ddf59b324BFBC,0019020086,LJH8336,1,,20191204154432,20191204214432,2019120400001,2019120400005,trans20191204154636,0.00117,1000
101,2019-12-04 17:44:26.803,0x4Cead48cEf0d1B136e9937DC2Ed969318Dd2Ce31,793650.7937,NULL,0x220B1FfA61C52508BB4D08e1b1789e84AA524443,0019120023,LYM8658,1,0019100006,20191204174426,20191204234426,2019120400002,2019120400008,trans20191204182138,0.00126,1000
102,2019-12-04 18:25:34.353,0x4Cead48cEf0d1B136e9937DC2Ed969318Dd2Ce31,793650.7937,NULL,0x220B1FfA61C52508BB4D08e1b1789e84AA524443,0019120023,LYM8658,1,,20191204182534,20191205002534,2019120400003,2019120400009,trans20191204184240,0.00126,1000
103,2019-12-05 13:19:56.150,0x4Cead48cEf0d1B136e9937DC2Ed969318Dd2Ce31,854700.8547,NULL,0xE4aD1C2e34452f25fCBB0446218a836DE09b9f9E,0019090302,NHK05551,1,,20191205131955,20191205191955,2019120500001,2019120500008,trans20191205141806,0.00117,1000
104,2019-12-05 13:44:57.050,0x4Cead48cEf0d1B136e9937DC2Ed969318Dd2Ce31,917431.1927,NULL,0xE4aD1C2e34452f25fCBB0446218a836DE09b9f9E,0019120024,JYH86621,2,0019090291,20191205134457,20191205194457,2019120500002,NULL,NULL,0.00109,1000
105,2019-12-05 13:55:01.633,0x4Cead48cEf0d1B136e9937DC2Ed969318Dd2Ce31,917431.1927,NULL,0x132385B2c1d9c36d37176ece23969fd5A8c426f3,0019063653,JSI002,1,,20191205135501,20191205195501,2019120500003,2019120500009,trans20191205141812,0.00109,1000
106,2019-12-05 14:10:55.287,0x4Cead48cEf0d1B136e9937DC2Ed969318Dd2Ce31,917431.1927,NULL,0xD7522248187aeb59A294e66c62B7b038b38EC830,0019060395,HMD8692,1,,20191205141055,20191205201055,2019120500004,2019120500010,trans20191205141824,0.00109,1000
107,2019-12-05 14:28:32.160,0x4Cead48cEf0d1B136e9937DC2Ed969318Dd2Ce31,917431.1927,NULL,0xE4aD1C2e34452f25fCBB0446218a836DE09b9f9E,0019120024,JYH86621,1,0019090291,20191205142832,20191205202832,2019120500005,2019120500011,trans20191205143118,0.00109,1000
108,2019-12-05 16:18:54.050,0x4Cead48cEf0d1B136e9937DC2Ed969318Dd2Ce31,917431.1927,NULL,0x5D1688E5127480Ec9B4A63aEf9c5f06890bca48E,0019020009,KTOP108,1,,20191205161854,20191205221854,2019120500006,2019120500017,0xf9173318375a668f0d0b24f51bb44f907c303b3d3a54d50c95cabd0d83460d6c,0.00109,1000
109,2019-12-05 16:35:02.133,0x4Cead48cEf0d1B136e9937DC2Ed969318Dd2Ce31,91743.1193,NULL,0xddEC01048Fa91e557508d325F237678199AA6eaA,0019080675,LGCH95532,1,,20191205163502,20191205223502,2019120500007,2019120500012,trans20191205163904,0.00109,100
110,2019-12-05 17:35:57.517,0x4Cead48cEf0d1B136e9937DC2Ed969318Dd2Ce31,1779661.0169,NULL,0xddEC01048Fa91e557508d325F237678199AA6eaA,0019120025,LYJH92762,2,,20191205173557,20191205233557,2019120500008,NULL,NULL,0.00118,2100
111,2019-12-05 17:37:00.277,0x4Cead48cEf0d1B136e9937DC2Ed969318Dd2Ce31,762711.8644,NULL,0xddEC01048Fa91e557508d325F237678199AA6eaA,0019120025,LYJH92762,1,,20191205173700,20191205233700,2019120500009,2019120500015,trans20191205174648,0.00118,900
112,2019-12-05 17:37:58.100,0x4Cead48cEf0d1B136e9937DC2Ed969318Dd2Ce31,84745.7627,NULL,0xddEC01048Fa91e557508d325F237678199AA6eaA,0019120026,LGSH75342,1,,20191205173758,20191205233758,2019120500010,2019120500016,trans20191205175654,0.00118,100
113,2019-12-06 18:43:03.723,0x4Cead48cEf0d1B136e9937DC2Ed969318Dd2Ce31,917431.1927,NULL,0x220B1FfA61C52508BB4D08e1b1789e84AA524443,0019120028,JJR6895,1,0019072056,20191206184303,20191207004303,2019120600005,2019120600008,trans20191206195340,0.00109,1000
114,2019-12-06 19:44:16.373,0x4Cead48cEf0d1B136e9937DC2Ed969318Dd2Ce31,458715.5963,NULL,0xddEC01048Fa91e557508d325F237678199AA6eaA,0019080174,LYYS86202,1,,20191206194416,20191207014416,2019120600006,2019120600007,trans20191206195334,0.00109,500
115,2019-12-06 21:22:04.873,0x4Cead48cEf0d1B136e9937DC2Ed969318Dd2Ce31,183486.2385,NULL,0xe1B3050161798B5482563DA0c1b9A97bb8c19Ae1/new,0019042209,IJG9789,0,,20191206212204,20191207032204,2019120600007,NULL,NULL,0.00109,200
116,2019-12-07 13:31:59.630,0x4Cead48cEf0d1B136e9937DC2Ed969318Dd2Ce31,458715.5963,NULL,0xddEC01048Fa91e557508d325F237678199AA6eaA,0019080174,LYYS86202,1,,20191207133159,20191207193159,2019120700001,2019120700002,trans20191207141335,0.00109,500
117,2019-12-07 17:57:48.323,0x4Cead48cEf0d1B136e9937DC2Ed969318Dd2Ce31,847457.6271,NULL,0x220B1FfA61C52508BB4D08e1b1789e84AA524443,0019120028,JJR6895,1,,20191207175748,20191207235748,2019120700002,2019120700003,trans20191207195049,0.00118,1000
118,2019-12-09 12:22:14.833,0x4Cead48cEf0d1B136e9937DC2Ed969318Dd2Ce31,917431.1927,NULL,0xddEC01048Fa91e557508d325F237678199AA6eaA,0019072128,LGSH12442,1,,20191209122214,20191209182214,2019120900001,2019120900001,trans20191209123708,0.00109,1000
119,2019-12-09 12:44:42.643,0x4Cead48cEf0d1B136e9937DC2Ed969318Dd2Ce31,917431.1927,NULL,0xddEC01048Fa91e557508d325F237678199AA6eaA,0019072134,LGSH12443,1,,20191209124442,20191209184442,2019120900002,2019120900002,trans20191209124908,0.00109,1000
120,2019-12-09 16:27:12.457,0x4Cead48cEf0d1B136e9937DC2Ed969318Dd2Ce31,847457.6271,NULL,0x220B1FfA61C52508BB4D08e1b1789e84AA524443,0019030039,AHA001,1,,20191209162712,20191209222712,2019120900003,2019120900004,trans20191209163943,0.00118,1000
121,2019-12-09 17:38:40.797,0x4Cead48cEf0d1B136e9937DC2Ed969318Dd2Ce31,84745.7627,NULL,0xddEC01048Fa91e557508d325F237678199AA6eaA,0019120031,LGGJ61521,1,0019110071,20191209173840,20191209233840,2019120900004,2019120900007,trans20191209174323,0.00118,100
122,2019-12-09 23:03:45.947,0x4Cead48cEf0d1B136e9937DC2Ed969318Dd2Ce31,847457.6271,NULL,0x154125C2A38C13fe6C20331828BCa5C303A8B0Fc,0019051552,JOY3657,0,,20191209230345,20191210050345,2019120900005,NULL,NULL,0.00118,1000
123,2019-12-10 16:46:54.350,0x4Cead48cEf0d1B136e9937DC2Ed969318Dd2Ce31,733944.9541,NULL,0xddEC01048Fa91e557508d325F237678199AA6eaA,0019120033,LGSH12445,1,0019120032,20191210164654,20191210224654,2019121000001,2019121000011,trans20191210165111,0.00109,800
124,2019-12-10 22:37:40.607,0x4Cead48cEf0d1B136e9937DC2Ed969318Dd2Ce31,917431.1927,NULL,0x98583dDCE5E25286CcA072eED9AfCe9d7B532735,0019061140,YJY3108,2,,20191210223740,20191211043740,2019121000002,NULL,NULL,0.00109,1000
125,2019-12-10 23:02:28.730,0x4Cead48cEf0d1B136e9937DC2Ed969318Dd2Ce31,917431.1927,NULL,0x154125C2A38C13fe6C20331828BCa5C303A8B0Fc,0019120034,YSY5402,2,0019090047,20191210230228,20191211050228,2019121000003,NULL,NULL,0.00109,1000
126,2019-12-11 14:47:01.813,0x4Cead48cEf0d1B136e9937DC2Ed969318Dd2Ce31,917431.1927,NULL,0x98583dDCE5E25286CcA072eED9AfCe9d7B532735,0019061140,YJY3108,0,,20191211144701,20191211204701,2019121100001,NULL,NULL,0.00109,1000
127,2019-12-11 15:31:23.677,0x4Cead48cEf0d1B136e9937DC2Ed969318Dd2Ce31,91743.1193,NULL,0xF12B854fD7C185110105d2B0111E76767661435d,0019041970,CHOCAPS,2,,20191211153123,20191211213123,2019121100002,NULL,NULL,0.00109,100
128,2019-12-11 15:31:45.053,0x4Cead48cEf0d1B136e9937DC2Ed969318Dd2Ce31,91743.1193,NULL,0xF12B854fD7C185110105d2B0111E76767661435d,0019041970,CHOCAPS,2,,20191211153145,20191211213145,2019121100003,NULL,NULL,0.00109,100
129,2019-12-11 15:32:23.687,0x4Cead48cEf0d1B136e9937DC2Ed969318Dd2Ce31,91743.1193,NULL,0xF12B854fD7C185110105d2B0111E76767661435d,0019041970,CHOCAPS,0,,20191211153223,20191211213223,2019121100004,NULL,NULL,0.00109,100
130,2019-12-11 16:13:13.133,0x4Cead48cEf0d1B136e9937DC2Ed969318Dd2Ce31,990099.0099,NULL,0x154125C2A38C13fe6C20331828BCa5C303A8B0Fc,0019120034,YSY5402,1,0019090047,20191211161313,20191211221313,2019121100005,2019121100008,0x7c29c003e6f10d40c44ab6303273ae8cc064fd78cb4e44428f3cceb3a354343e,0.00101,1000
131,2019-12-11 16:45:36.920,0x4Cead48cEf0d1B136e9937DC2Ed969318Dd2Ce31,1000000,NULL,0x154125C2A38C13fe6C20331828BCa5C303A8B0Fc,0019120036,YOO0200,0,0019120034,20191211164536,20191211224536,2019121100006,NULL,NULL,0.001,1000
132,2019-12-11 17:38:57.277,0x4Cead48cEf0d1B136e9937DC2Ed969318Dd2Ce31,917431.1927,NULL,0x154125C2A38C13fe6C20331828BCa5C303A8B0Fc,0019120037,YOOA0200,0,0019120036,20191211173857,20191211233857,2019121100007,NULL,NULL,0.00109,1000
133,2019-12-12 10:19:22.830,0x4Cead48cEf0d1B136e9937DC2Ed969318Dd2Ce31,1000000,NULL,0x4Cead48cEf0d1B136e9937DC2Ed969318Dd2Ce31,0019120038,AAAAAAA,0,0019041970,20191212101922,20191212161922,2019121200001,NULL,NULL,0.001,1000
134,2019-12-12 14:00:03.767,0x4Cead48cEf0d1B136e9937DC2Ed969318Dd2Ce31,990099.0099,NULL, 0x5D1688E5127480Ec9B4A63aEf9c5f06890bca48E,0019120039,JJ102,2,0019020118,20191212140003,20191212200003,2019121200002,NULL,NULL,0.00101,1000
135,2019-12-12 15:25:58.333,0x4Cead48cEf0d1B136e9937DC2Ed969318Dd2Ce31,107526.8817,NULL,0x4Cead48cEf0d1B136e9937DC2Ed9,0019120040,CHOCAPS35,0,0019041970,20191212152558,20191212212558,2019121200003,NULL,NULL,0.00093,100
136,2019-12-12 18:23:00.147,0x4Cead48cEf0d1B136e9937DC2Ed969318Dd2Ce31,1980198.0198,NULL,0x8D3108b906341fcD41fB58cCDc21Fda46f6d0cC7,0019120043,,0,0019070914,20191212182300,20191213002300,2019121200004,NULL,NULL,0.00101,2000
137,2019-12-13 16:06:45.600,0x4Cead48cEf0d1B136e9937DC2Ed969318Dd2Ce31,980392.1569,NULL,Address - 0x5D1688E5127480Ec9B4A63aEf9c5f06890bca48E,0019120039,JJ102,0,0019020118,20191213160645,20191213220645,2019121300001,NULL,NULL,0.00102,1000
138,2019-12-13 22:40:26.287,0x4Cead48cEf0d1B136e9937DC2Ed969318Dd2Ce31,98039.2157,NULL,0x5D1688E5127480Ec9B4A63aEf9c5f06890bca48E,0019020118,SD102,1,,20191213224026,20191214044026,2019121300002,2019121300004,0x6c77333cda8d19974a7957b5faa459632658b180eb0607cf1e26ca9b938386f1,0.00102,100
139,2019-12-13 23:01:22.953,0x4Cead48cEf0d1B136e9937DC2Ed969318Dd2Ce31,98039.2157,NULL,0x5D1688E5127480Ec9B4A63aEf9c5f06890bca48E,0019020026,RARPI129320,2,,20191213230122,20191214050122,2019121300003,NULL,NULL,0.00102,100
140,2019-12-13 23:01:26.213,0x4Cead48cEf0d1B136e9937DC2Ed969318Dd2Ce31,98039.2157,NULL,0x5D1688E5127480Ec9B4A63aEf9c5f06890bca48E,0019020026,RARPI129320,1,,20191213230126,20191214050126,2019121300004,2019121300005,0x428504835ccc6dce22604dcba2d7c1d7da1fa64b4b975f5e88258bf026c0b03a,0.00102,100
141,2019-12-16 12:58:07.667,0x4Cead48cEf0d1B136e9937DC2Ed969318Dd2Ce31,1063829.7872,NULL,0x4A8b99926Ad4B5A2DCaFA48eca0b1E7E45BB4033,0019120044,COCOFACE,0,0019110045,20191216125807,20191216185807,2019121600001,NULL,NULL,0.00094,1000
142,2019-12-16 21:34:24.850,0x4Cead48cEf0d1B136e9937DC2Ed969318Dd2Ce31,4313725.4902,NULL,0xdc10a3C79fc21E25051466b8AB14836D56E4291d,0019030043,KONG2,1,,20191216213424,20191217033424,2019121600002,2019121600004,trans20191216233539,0.00102,4400
143,2019-12-18 12:40:55.627,0x4Cead48cEf0d1B136e9937DC2Ed969318Dd2Ce31,1162790.6977,NULL,0xB6a61Bf487d45A9DfD32D2113D81BF69E66b50C5,0019120022,JYH0628,0,0019072173,20191218124055,20191218184055,2019121800001,NULL,NULL,0.00086,1000
144,2019-12-18 13:11:24.173,0x4Cead48cEf0d1B136e9937DC2Ed969318Dd2Ce31,116279.0698,NULL,0x220B1FfA61C52508BB4D08e1b1789e84AA524443,0019030519,K1546,0,,20191218131124,20191218191124,2019121800002,NULL,NULL,0.00086,100
145,2019-12-18 15:41:26.883,0x4Cead48cEf0d1B136e9937DC2Ed969318Dd2Ce31,212765.9574,NULL,0xB6BFB4DffaDAb87d6DbF7d28e35c82F95f376C90,0019040277,JBS001,1,,20191218154126,20191218214126,2019121800003,2019121800005,trans20191218155108,0.00094,200
146,2019-12-18 16:19:38.153,0x4Cead48cEf0d1B136e9937DC2Ed969318Dd2Ce31,425531.9149,NULL,0x4Cead48cEf0d1B136e9937DC2Ed969318Dd2Ce31,0019030513,CSD0037,2,,20191218161938,20191218221938,2019121800004,NULL,NULL,0.00094,400
147,2019-12-18 16:46:01.913,0x4Cead48cEf0d1B136e9937DC2Ed969318Dd2Ce31,425531.9149,NULL,0x4Cead48cEf0d1B136e9937DC2Ed969318Dd2Ce31,0019040709,LJA001,2,,20191218164601,20191218224601,2019121800005,NULL,NULL,0.00094,400
148,2019-12-18 19:04:05.273,0x4Cead48cEf0d1B136e9937DC2Ed969318Dd2Ce31,1162790.6977,NULL,0xB93d3c1FCDF528756A7442631d6C51A80B511C86,0019030045,CHC001,0,,20191218190405,20191219010405,2019121800006,NULL,NULL,0.00086,1000
149,2019-12-19 10:45:24.787,0x4Cead48cEf0d1B136e9937DC2Ed969318Dd2Ce31,348837.2093,NULL,0x5D1688E5127480Ec9B4A63aEf9c5f06890bca48E,0019020125,BB1005,0,,20191219104524,20191219164524,2019121900001,NULL,NULL,0.00086,300
150,2019-12-19 10:52:40.300,0x4Cead48cEf0d1B136e9937DC2Ed969318Dd2Ce31,232558.1395,NULL,0x5D1688E5127480Ec9B4A63aEf9c5f06890bca48E,0019020027,HKH1366,1,,20191219105240,20191219165240,2019121900002,2019121900001,0x96da4d2b01071be2821b5b1ee0a46effab5c848e119da94b5caf5343ef0bc9c1,0.00086,200
151,2019-12-19 16:52:30.097,0x4Cead48cEf0d1B136e9937DC2Ed969318Dd2Ce31,1162790.6977,NULL,-?,0019120046,,0,0019072202,20191219165230,20191219225230,2019121900003,NULL,NULL,0.00086,1000
152,2019-12-19 16:59:22.177,0x4Cead48cEf0d1B136e9937DC2Ed969318Dd2Ce31,1063829.7872,NULL,0x8D3108b906341fcD41fB58cCDc21Fda46f6d0cC7,0019052882,NCS1644,1,,20191219165922,20191219225922,2019121900004,2019121900002,trans20191219171126,0.00094,1000
153,2019-12-19 19:01:47.243,0x4Cead48cEf0d1B136e9937DC2Ed969318Dd2Ce31,425531.9149,NULL,0x9D3DFDba154372D25826004d59e6A3F167Abb8BA,0019030513,CSD0037,2,,20191219190147,20191220010147,2019121900005,NULL,NULL,0.00094,400
154,2019-12-19 19:03:55.357,0x4Cead48cEf0d1B136e9937DC2Ed969318Dd2Ce31,425531.9149,NULL,0x130BFE3552F4aFa0b968B9200be302EE28D0e255,0019040709,LJA001,0,,20191219190355,20191220010355,2019121900006,NULL,NULL,0.00094,400
155,2019-12-19 19:11:18.240,0x4Cead48cEf0d1B136e9937DC2Ed969318Dd2Ce31,212765.9574,NULL,0x169CeB393D4B25859442d7E6c975aaB4984e9ad6,0019041317,MYS9736,1,,20191219191118,20191220011118,2019121900007,2019121900005,trans20191219195320,0.00094,200
156,2019-12-19 19:39:53.637,0x4Cead48cEf0d1B136e9937DC2Ed969318Dd2Ce31,212765.9574,NULL,0x169CeB393D4B25859442d7E6c975aaB4984e9ad6,0019041321,JUS4299,1,,20191219193953,20191220013953,2019121900008,2019121900006,trans20191219195323,0.00094,200
157,2019-12-20 02:00:23.347,0x4Cead48cEf0d1B136e9937DC2Ed969318Dd2Ce31,212765.9574,NULL,0x169CeB393D4B25859442d7E6c975aaB4984e9ad6,0019030520,MYH2534,0,,20191220020023,20191220080023,2019122000001,NULL,NULL,0.00094,200
158,2019-12-20 12:23:38.157,0x4Cead48cEf0d1B136e9937DC2Ed969318Dd2Ce31,1063829.7872,NULL,0x220B1FfA61C52508BB4D08e1b1789e84AA524443,0019030039,AHA001,0,,20191220122338,20191220182338,2019122000002,NULL,NULL,0.00094,1000
159,2019-12-21 11:53:39.993,0x4Cead48cEf0d1B136e9937DC2Ed969318Dd2Ce31,116279.0698,NULL,0x4Cead48cEf0d1B136e9937DC2Ed969318Dd2Ce31,0019042330,JANA1995,0,,20191221115339,20191221175339,2019122100002,NULL,NULL,0.00086,100
160,2019-12-22 04:08:19.480,0x4Cead48cEf0d1B136e9937DC2Ed969318Dd2Ce31,2631578.9474,NULL, ,0019050895,KSH2336,0,,20191222040819,20191222100819,2019122200001,NULL,NULL,0.00095,2500
161,2019-12-23 15:59:28.210,0x4Cead48cEf0d1B136e9937DC2Ed969318Dd2Ce31,116279.0698,NULL,0x9D3DFDba154372D25826004d59e6A3F167Abb8BA,0019030513,CSD0037,0,,20191223155928,20191223215928,2019122300001,NULL,NULL,0.00086,100
162,2019-12-23 17:35:27.277,0x4Cead48cEf0d1B136e9937DC2Ed969318Dd2Ce31,232558.1395,NULL,0x5D1688E5127480Ec9B4A63aEf9c5f06890bca48E,0019070375,LEE2780,1,,20191223173527,20191223233527,2019122300002,2019122300005,0xba0f39c446b38c703468c0f70f51dde43c348e1ebf2862b3fd8cacb08fa2a837,0.00086,200
163,2019-12-24 17:12:33.283,0x4Cead48cEf0d1B136e9937DC2Ed969318Dd2Ce31,116279.0698,NULL,0xD139B58acCA4B88389C7EF1E1195A5922497817C,0019060821,ASD5969,0,,20191224171233,20191224231233,2019122400001,NULL,NULL,0.00086,100
164,2019-12-24 20:52:09.660,0x4Cead48cEf0d1B136e9937DC2Ed969318Dd2Ce31,232558.1395,NULL,0x169CeB393D4B25859442d7E6c975aaB4984e9ad6,0019060769,KBJ0175,2,,20191224205209,20191225025209,2019122400002,NULL,NULL,0.00086,200
165,2019-12-24 21:12:02.077,0x4Cead48cEf0d1B136e9937DC2Ed969318Dd2Ce31,232558.1395,NULL,0x169CeB393D4B25859442d7E6c975aaB4984e9ad6,0019061175,OYJ8246,2,,20191224211202,20191225031202,2019122400003,NULL,NULL,0.00086,200
166,2019-12-26 10:36:30.280,0x4Cead48cEf0d1B136e9937DC2Ed969318Dd2Ce31,1162790.6977,NULL,0xb19548B31f4dD5F18e0Ef83cc20767914CC370ae,0019120076,LUCK0490,0,0019120022,20191226103630,20191226163630,2019122600001,NULL,NULL,0.00086,1000
167,2019-12-26 10:40:36.880,0x4Cead48cEf0d1B136e9937DC2Ed969318Dd2Ce31,1162790.6977,NULL,0xb19548B31f4dD5F18e0Ef83cc20767914CC370ae,0019120077,LUCK2359,0,0019120022,20191226104036,20191226164036,2019122600002,NULL,NULL,0.00086,1000
168,2019-12-26 11:25:11.777,0x4Cead48cEf0d1B136e9937DC2Ed969318Dd2Ce31,232558.1395,NULL,0x169CeB393D4B25859442d7E6c975aaB4984e9ad6,0019061175,OYJ8246,0,,20191226112511,20191226172511,2019122600003,NULL,NULL,0.00086,200
169,2019-12-26 11:28:36.160,0x4Cead48cEf0d1B136e9937DC2Ed969318Dd2Ce31,232558.1395,NULL,0x169CeB393D4B25859442d7E6c975aaB4984e9ad6,0019060769,KBJ0175,0,,20191226112836,20191226172836,2019122600004,NULL,NULL,0.00086,200
170,2019-12-26 11:36:51.067,0x4Cead48cEf0d1B136e9937DC2Ed969318Dd2Ce31,116279.0698,NULL,0x8309Fe88f86A8dc44FD7a3A9E1588E468496b646,0019040398,KYJ0011,0,,20191226113651,20191226173651,2019122600005,NULL,NULL,0.00086,100
171,2019-12-26 14:25:44.840,0x4Cead48cEf0d1B136e9937DC2Ed969318Dd2Ce31,116279.0698,NULL,0xC7C91064dbb0D289e284c85217C683a71715E592,0019040397,KBW001,0,,20191226142544,20191226202544,2019122600006,NULL,NULL,0.00086,100
172,2019-12-26 17:16:45.293,0x4Cead48cEf0d1B136e9937DC2Ed969318Dd2Ce31,116279.0698,NULL,0xddEC01048Fa91e557508d325F237678199AA6eaA,0019050850,LSYS79091,1,,20191226171645,20191226231645,2019122600007,2019122600006,trans20191226172410,0.00086,100
173,2019-12-26 17:37:57.630,0x4Cead48cEf0d1B136e9937DC2Ed969318Dd2Ce31,116279.0698,NULL,0xddEC01048Fa91e557508d325F237678199AA6eaA,0019051743,LIBS55991,1,,20191226173757,20191226233757,2019122600008,2019122600007,trans20191226174239,0.00086,100
174,2019-12-26 17:42:44.600,0x4Cead48cEf0d1B136e9937DC2Ed969318Dd2Ce31,116279.0698,NULL,0xddEC01048Fa91e557508d325F237678199AA6eaA,0019050411,LHSO60501,1,,20191226174244,20191226234244,2019122600009,2019122600008,trans20191226174851,0.00086,100
175,2019-12-26 17:45:30.160,0x4Cead48cEf0d1B136e9937DC2Ed969318Dd2Ce31,116279.0698,NULL,0xddEC01048Fa91e557508d325F237678199AA6eaA,0019030327,LIEJ65521,1,,20191226174530,20191226234530,2019122600010,2019122600009,trans20191226175246,0.00086,100
176,2019-12-26 17:54:30.120,0x4Cead48cEf0d1B136e9937DC2Ed969318Dd2Ce31,116279.0698,NULL,0xE322F45e87A28d2029317211b1f08017bd49e8A5,0019051261,ASD3699,0,,20191226175430,20191226235430,2019122600011,NULL,NULL,0.00086,100
177,2019-12-26 17:56:19.623,0x4Cead48cEf0d1B136e9937DC2Ed969318Dd2Ce31,116279.0698,NULL,0xddEC01048Fa91e557508d325F237678199AA6eaA,0019030320,LJST62082,1,,20191226175619,20191226235619,2019122600012,2019122600010,trans20191226180804,0.00086,100
178,2019-12-26 18:27:03.407,0x4Cead48cEf0d1B136e9937DC2Ed969318Dd2Ce31,116279.0698,NULL,0xddEC01048Fa91e557508d325F237678199AA6eaA,0019030249,KJK003,1,,20191226182703,20191227002703,2019122600013,2019122600012,trans20191226183750,0.00086,100
179,2019-12-26 18:45:16.160,0x4Cead48cEf0d1B136e9937DC2Ed969318Dd2Ce31,116279.0698,NULL,0xddEC01048Fa91e557508d325F237678199AA6eaA,0019090155,HS667706,1,,20191226184516,20191227004516,2019122600014,2019122600013,trans20191226185310,0.00086,100
180,2019-12-27 21:32:52.387,0x4Cead48cEf0d1B136e9937DC2Ed969318Dd2Ce31,1162790.6977,NULL,0xddEC01048Fa91e557508d325F237678199AA6eaA,0019120079,LBYS95581,0,0019030250,20191227213252,20191228033252,2019122700001,NULL,NULL,0.00086,1000
181,2019-12-28 13:17:27.917,0x4Cead48cEf0d1B136e9937DC2Ed969318Dd2Ce31,1162790.6977,NULL,0xEe3244362f58B5339db2E94a04918a1C17B78eA2,0019120048,CKO0128,0,0019042330,20191228131727,20191228191727,2019122800001,NULL,NULL,0.00086,1000
182,2019-12-30 14:36:36.903,0x4Cead48cEf0d1B136e9937DC2Ed969318Dd2Ce31,1162790.6977,NULL,0xd75dc0F4f486325bc0fDFAEcF1F15C15Ac8756eB,0019120028,JJR6895,0,,20191230143636,20191230203636,2019123000002,NULL,NULL,0.00086,1000
183,2019-12-30 14:42:14.633,0x4Cead48cEf0d1B136e9937DC2Ed969318Dd2Ce31,1162790.6977,NULL,0xd75dc0F4f486325bc0fDFAEcF1F15C15Ac8756eB,0019120023,LYM8658,0,,20191230144214,20191230204214,2019123000003,NULL,NULL,0.00086,1000
184,2019-12-30 16:01:26.983,0x4Cead48cEf0d1B136e9937DC2Ed969318Dd2Ce31,581395.3488,NULL,0xCFf2E39f7C0d3C69836eB9B98998bd805EdB3318,0019020080,PSW5977,2,,20191230160126,20191230220126,2019123000004,NULL,NULL,0.00086,500
185,2019-12-30 16:28:27.517,0x4Cead48cEf0d1B136e9937DC2Ed969318Dd2Ce31,116279.0698,NULL,0xD7522248187aeb59A294e66c62B7b038b38EC830,0019063650,HMD9657,1,,20191230162827,20191230222827,2019123000005,2019123000004,trans20191230163113,0.00086,100
186,2019-12-30 16:32:14.167,0x4Cead48cEf0d1B136e9937DC2Ed969318Dd2Ce31,116279.0698,NULL,0xD7522248187aeb59A294e66c62B7b038b38EC830,0019063652,WYO9763,1,,20191230163214,20191230223214,2019123000006,2019123000006,trans20191230163937,0.00086,100
187,2019-12-30 16:39:24.960,0x4Cead48cEf0d1B136e9937DC2Ed969318Dd2Ce31,116279.0698,NULL,0xD7522248187aeb59A294e66c62B7b038b38EC830,0019063651,JYS3457,1,,20191230163924,20191230223924,2019123000007,2019123000007,trans20191230164222,0.00086,100
188,2019-12-30 16:40:39.737,0x4Cead48cEf0d1B136e9937DC2Ed969318Dd2Ce31,1162790.6977,NULL,0xd75dc0F4f486325bc0fDFAEcF1F15C15Ac8756eB,0019120084,PJW2391,0,0019070914,20191230164039,20191230224039,2019123000008,NULL,NULL,0.00086,1000
189,2019-12-30 16:48:58.317,0x4Cead48cEf0d1B136e9937DC2Ed969318Dd2Ce31,2325581.3953,NULL,0xE4aD1C2e34452f25fCBB0446218a836DE09b9f9E,0019120085,JHS5879,1,0019042359,20191230164858,20191230224858,2019123000009,2019123000008,trans20191230165236,0.00086,2000
190,2019-12-30 17:38:41.303,0x4Cead48cEf0d1B136e9937DC2Ed969318Dd2Ce31,581395.3488,NULL,0x78f31dD8de8b8e778587607f1AE4e02CC87B884A,0019020132,CMJ01,1,,20191230173841,20191230233841,2019123000010,2019123000010,trans20191230175708,0.00086,500
191,2019-12-30 17:43:46.307,0x4Cead48cEf0d1B136e9937DC2Ed969318Dd2Ce31,581395.3488,NULL,0x78f31dD8de8b8e778587607f1AE4e02CC87B884A,0019020133,KBY8416,1,,20191230174346,20191230234346,2019123000011,2019123000011,trans20191230175712,0.00086,500
192,2019-12-30 18:44:22.110,0x4Cead48cEf0d1B136e9937DC2Ed969318Dd2Ce31,581395.3488,NULL,0xCFf2E39f7C0d3C69836eB9B98998bd805EdB3318,0019020080,PSW5977,1,,20191230184421,20191231004421,2019123000012,2019123000019,trans20191230190517,0.00086,500
193,2019-12-31 11:04:15.290,0x4Cead48cEf0d1B136e9937DC2Ed969318Dd2Ce31,116279.0698,NULL,0x8D3108b906341fcD41fB58cCDc21Fda46f6d0cC7,0019041694,S071215,1,,20191231110415,20191231170415,2019123100001,2019123100002,trans20191231111041,0.00086,100
194,2019-12-31 12:53:35.560,0x4Cead48cEf0d1B136e9937DC2Ed969318Dd2Ce31,1162790.6977,NULL,0xE4aD1C2e34452f25fCBB0446218a836DE09b9f9E,0019080828,NHK05550,0,,20191231125335,20191231185335,2019123100002,NULL,NULL,0.00086,1000
195,2019-12-31 14:16:32.560,0x4Cead48cEf0d1B136e9937DC2Ed969318Dd2Ce31,1162790.6977,NULL,0xddEC01048Fa91e557508d325F237678199AA6eaA,0019120088,LJTS73596,1,0019072318,20191231141632,20191231201632,2019123100003,2019123100003,trans20191231142847,0.00086,1000
196,2019-12-31 14:30:54.870,0x4Cead48cEf0d1B136e9937DC2Ed969318Dd2Ce31,1162790.6977,NULL,0xddEC01048Fa91e557508d325F237678199AA6eaA,0019120089,LJTS73597,1,0019120088,20191231143054,20191231203054,2019123100004,2019123100004,trans20191231144232,0.00086,1000
197,2019-12-31 14:35:17.270,0x4Cead48cEf0d1B136e9937DC2Ed969318Dd2Ce31,1162790.6977,NULL,0xddEC01048Fa91e557508d325F237678199AA6eaA,0019120090,LJTS73598,1,0019120088,20191231143517,20191231203517,2019123100005,2019123100005,trans20191231144739,0.00086,1000
198,2019-12-31 14:41:02.410,0x4Cead48cEf0d1B136e9937DC2Ed969318Dd2Ce31,116279.0698,NULL,0x29239F926f9e409DDb4670364d4363E4443B88Aa,0019052107,ASD6651,0,,20191231144102,20191231204102,2019123100006,NULL,NULL,0.00086,100
199,2019-12-31 14:47:03.367,0x4Cead48cEf0d1B136e9937DC2Ed969318Dd2Ce31,1162790.6977,NULL,0xddEC01048Fa91e557508d325F237678199AA6eaA,0019120091,LJTS73599,1,0019120089,20191231144703,20191231204703,2019123100007,2019123100007,trans20191231144910,0.00086,1000
200,2019-12-31 14:47:23.090,0x4Cead48cEf0d1B136e9937DC2Ed969318Dd2Ce31,116279.0698,NULL,0xD7522248187aeb59A294e66c62B7b038b38EC830,0019071144,LSH9919,1,,20191231144723,20191231204723,2019123100008,2019123100006,trans20191231144907,0.00086,100
201,2019-12-31 14:50:06.630,0x4Cead48cEf0d1B136e9937DC2Ed969318Dd2Ce31,116279.0698,NULL,0xD7522248187aeb59A294e66c62B7b038b38EC830,0019071666,KMR1995,1,,20191231145006,20191231205006,2019123100009,2019123100008,trans20191231145604,0.00086,100
202,2019-12-31 14:50:47.070,0x4Cead48cEf0d1B136e9937DC2Ed969318Dd2Ce31,1162790.6977,NULL,0xddEC01048Fa91e557508d325F237678199AA6eaA,0019120092,LJTS735910,1,0019120089,20191231145047,20191231205047,2019123100010,2019123100015,trans20191231163903,0.00086,1000
203,2019-12-31 14:52:36.857,0x4Cead48cEf0d1B136e9937DC2Ed969318Dd2Ce31,116279.0698,NULL,0xD7522248187aeb59A294e66c62B7b038b38EC830,0019072379,YCJ1995,1,,20191231145236,20191231205236,2019123100011,2019123100009,trans20191231145608,0.00086,100
204,2019-12-31 14:56:36.200,0x4Cead48cEf0d1B136e9937DC2Ed969318Dd2Ce31,116279.0698,NULL,0xD7522248187aeb59A294e66c62B7b038b38EC830,0019071527,HGY0356,1,,20191231145636,20191231205636,2019123100012,2019123100010,trans20191231150306,0.00086,100
205,2019-12-31 15:02:58.190,0x4Cead48cEf0d1B136e9937DC2Ed969318Dd2Ce31,116279.0698,NULL,0x89Cf3E97B9EeD0026E8B0A9Fa2A8b0c2c047596b,0019071501,TGSHIP46,1,,20191231150258,20191231210258,2019123100013,2019123100011,trans20191231151709,0.00086,100
206,2019-12-31 15:05:27.360,0x4Cead48cEf0d1B136e9937DC2Ed969318Dd2Ce31,1162790.6977,NULL,0xd75dc0F4f486325bc0fDFAEcF1F15C15Ac8756eB,0019063547,KES6889,0,,20191231150527,20191231210527,2019123100014,NULL,NULL,0.00086,1000
207,2019-12-31 15:55:15.657,0x4Cead48cEf0d1B136e9937DC2Ed969318Dd2Ce31,581395.3488,NULL,0x8D3108b906341fcD41fB58cCDc21Fda46f6d0cC7,0019030517,ECP4U,1,,20191231155515,20191231215515,2019123100015,2019123100012,trans20191231155921,0.00086,500
208,2019-12-31 16:30:24.740,0x4Cead48cEf0d1B136e9937DC2Ed969318Dd2Ce31,114942.5287,NULL,0xD7522248187aeb59A294e66c62B7b038b38EC830,0019063654,JSI2796,1,,20191231163024,20191231223024,2019123100016,2019123100014,trans20191231163254,0.00087,100
209,2019-12-31 16:41:55.463,0x4Cead48cEf0d1B136e9937DC2Ed969318Dd2Ce31,114942.5287,NULL,0x2317EfD89924E8080fcbCde6CBeE0c7B50B8e592,0019080356,LHD3207,1,,20191231164155,20191231224155,2019123100017,2019123100016,trans20191231164900,0.00087,100
210,2019-12-31 16:47:05.820,0x4Cead48cEf0d1B136e9937DC2Ed969318Dd2Ce31,114942.5287,NULL,0x89Cf3E97B9EeD0026E8B0A9Fa2A8b0c2c047596b,0019072377,KJS1270,1,,20191231164705,20191231224705,2019123100018,2019123100017,trans20191231164902,0.00087,100
211,2019-12-31 16:51:56.470,0x4Cead48cEf0d1B136e9937DC2Ed969318Dd2Ce31,114942.5287,NULL,0xD7522248187aeb59A294e66c62B7b038b38EC830,0019060511,HSO3389,1,,20191231165156,20191231225156,2019123100019,2019123100019,trans20191231170132,0.00087,100
212,2019-12-31 16:54:26.973,0x4Cead48cEf0d1B136e9937DC2Ed969318Dd2Ce31,114942.5287,NULL,0xD7522248187aeb59A294e66c62B7b038b38EC830,0019071936,LSJ6760,1,,20191231165426,20191231225426,2019123100020,2019123100020,trans20191231170137,0.00087,100
213,2019-12-31 17:23:33.100,0x4Cead48cEf0d1B136e9937DC2Ed969318Dd2Ce31,114942.5287,NULL,0xD7522248187aeb59A294e66c62B7b038b38EC830,0019061465,JOJ6976,1,,20191231172333,20191231232333,2019123100021,2019123100028,trans20191231173532,0.00087,100
214,2019-12-31 17:26:30.530,0x4Cead48cEf0d1B136e9937DC2Ed969318Dd2Ce31,1149425.2874,NULL,0x0e252B0Aa7d40ddc580F130fDC980ae2e9c4F5DE,0019030463,K2818,1,,20191231172630,20191231232630,2019123100022,2019123100024,trans20191231173505,0.00087,1000
215,2019-12-31 17:28:45.333,0x4Cead48cEf0d1B136e9937DC2Ed969318Dd2Ce31,114942.5287,NULL,0x78f31dD8de8b8e778587607f1AE4e02CC87B884A,0019030207,NSY7588,1,,20191231172845,20191231232845,2019123100023,2019123100025,trans20191231173507,0.00087,100
216,2019-12-31 17:30:18.900,0x4Cead48cEf0d1B136e9937DC2Ed969318Dd2Ce31,229885.0575,NULL,0x78f31dD8de8b8e778587607f1AE4e02CC87B884A,0019070773,LYJ0246,1,,20191231173018,20191231233018,2019123100024,2019123100026,trans20191231173510,0.00087,200
217,2019-12-31 17:33:20.600,0x4Cead48cEf0d1B136e9937DC2Ed969318Dd2Ce31,114942.5287,NULL,0x78f31dD8de8b8e778587607f1AE4e02CC87B884A,0019072313,KBY02,1,,20191231173320,20191231233320,2019123100025,2019123100027,trans20191231173512,0.00087,100
218,2019-12-31 17:38:19.363,0x4Cead48cEf0d1B136e9937DC2Ed969318Dd2Ce31,114942.5287,NULL,0xCFf2E39f7C0d3C69836eB9B98998bd805EdB3318,0019061253,BJP7153,1,,20191231173819,20191231233819,2019123100026,2019123100030,trans20191231174444,0.00087,100
219,2019-12-31 18:15:36.060,0x4Cead48cEf0d1B136e9937DC2Ed969318Dd2Ce31,3448275.8621,NULL,0xEe3244362f58B5339db2E94a04918a1C17B78eA2,0019120083,JANA3831,2,0019042330,20191231181536,20200101001536,2019123100027,NULL,NULL,0.00087,3000
220,2019-12-31 19:50:22.620,0x4Cead48cEf0d1B136e9937DC2Ed969318Dd2Ce31,1149425.2874,NULL,0xddEC01048Fa91e557508d325F237678199AA6eaA,0019120094,LJTS735911,1,0019120090,20191231195022,20200101015022,2019123100028,2019123100032,trans20191231195758,0.00087,1000
221,2019-12-31 20:03:14.930,0x4Cead48cEf0d1B136e9937DC2Ed969318Dd2Ce31,114942.5287,NULL,0x52A32f32086B67Aeca7091261F8e6b22E22f4cC8,0019041186,TOP7788,1,,20191231200314,20200101020314,2019123100029,2020010100001,trans20200101012622,0.00087,100
222,2019-12-31 21:25:09.183,0x4Cead48cEf0d1B136e9937DC2Ed969318Dd2Ce31,105263.1579,NULL,0xddEC01048Fa91e557508d325F237678199AA6eaA,0019052019,GBD18841,1,,20191231212509,20200101032509,2019123100030,2020010100001,trans20200101012628,0.00095,100
223,2019-12-31 21:46:06.420,0x4Cead48cEf0d1B136e9937DC2Ed969318Dd2Ce31,1052631.5789,NULL,0xddEC01048Fa91e557508d325F237678199AA6eaA,0019120095,LJTS735912,1,0019120090,20191231214606,20200101034606,2019123100031,2020010100001,trans20200101012632,0.00095,1000
224,2019-12-31 21:57:36.717,0x4Cead48cEf0d1B136e9937DC2Ed969318Dd2Ce31,105263.1579,NULL,0xddEC01048Fa91e557508d325F237678199AA6eaA,0019042460,LBSB14991,1,,20191231215736,20200101035736,2019123100032,2020010100001,trans20200101012636,0.00095,100
225,2020-01-01 13:07:19.963,0x4Cead48cEf0d1B136e9937DC2Ed969318Dd2Ce31,574712.6437,NULL,0xddEC01048Fa91e557508d325F237678199AA6eaA,0019072318,LJTS73594,2,,20200101130719,20200101190719,2020010100001,NULL,NULL,0.00087,500
226,2020-01-02 12:04:29.203,0x4Cead48cEf0d1B136e9937DC2Ed969318Dd2Ce31,1162790.6977,NULL,0xE4aD1C2e34452f25fCBB0446218a836DE09b9f9E,0020010005,HK0555,1,0019080828,20200102120429,20200102180429,2020010200001,2020010200008,trans20200102120758,0.00086,1000
227,2020-01-02 15:52:06.387,0x4Cead48cEf0d1B136e9937DC2Ed969318Dd2Ce31,2325581.3953,NULL,0x0104398F92b8Fc7E4eF270f60c80bc9Ad8b8DDF8,0019100030,LHO98441,1,,20200102155206,20200102215206,2020010200003,2020010200014,trans20200102162439,0.00086,2000
228,2020-01-02 15:56:16.567,0x4Cead48cEf0d1B136e9937DC2Ed969318Dd2Ce31,2325581.3953,NULL,0x0104398F92b8Fc7E4eF270f60c80bc9Ad8b8DDF8,0019100031,LHO98442,1,,20200102155616,20200102215616,2020010200004,2020010200017,trans20200102165915,0.00086,2000
229,2020-01-03 12:01:53.437,0x4Cead48cEf0d1B136e9937DC2Ed969318Dd2Ce31,3488372.093,NULL,0x1FD3A6E6fEb980F46dc099147B2f4dBcB2919d9D,0019110054,BMJ26701,1,,20200103120153,20200103180153,2020010300001,2020010300002,trans20200103133909,0.00086,3000
230,2020-01-03 14:20:37.787,0x4Cead48cEf0d1B136e9937DC2Ed969318Dd2Ce31,1162790.6977,NULL,0x52A32f32086B67Aeca7091261F8e6b22E22f4cC8,0019041165,QUEEN7788,0,,20200103142037,20200103202037,2020010300002,NULL,NULL,0.00086,1000
231,2020-01-03 15:29:09.523,0x4Cead48cEf0d1B136e9937DC2Ed969318Dd2Ce31,116279.0698,NULL,0x78f31dD8de8b8e778587607f1AE4e02CC87B884A,0019041958,CMJ02,1,,20200103152909,20200103212909,2020010300003,2020010300003,trans20200103153355,0.00086,100
232,2020-01-03 15:41:21.497,0x4Cead48cEf0d1B136e9937DC2Ed969318Dd2Ce31,116279.0698,NULL,0x78f31dD8de8b8e778587607f1AE4e02CC87B884A,0020010013,CMJ07,1,0019071498,20200103154121,20200103214121,2020010300004,2020010300005,trans20200103155931,0.00086,100
233,2020-01-03 15:45:51.800,0x4Cead48cEf0d1B136e9937DC2Ed969318Dd2Ce31,116279.0698,NULL,0x78f31dD8de8b8e778587607f1AE4e02CC87B884A,0019030003,CBS0991,1,,20200103154551,20200103214551,2020010300005,2020010300006,trans20200103155935,0.00086,100
234,2020-01-03 15:55:09.950,0x4Cead48cEf0d1B136e9937DC2Ed969318Dd2Ce31,116279.0698,NULL,0xCFf2E39f7C0d3C69836eB9B98998bd805EdB3318,0020010014,BJP01,1,0019080597,20200103155509,20200103215509,2020010300006,2020010300007,trans20200103155938,0.00086,100
235,2020-01-03 18:25:14.680,0x4Cead48cEf0d1B136e9937DC2Ed969318Dd2Ce31,1162790.6977,NULL,0xd415c8F8fC7b290acE1481b801E691374D9E1f08,0019030042,HGD001,0,,20200103182514,20200104002514,2020010300007,NULL,NULL,0.00086,1000
236,2020-01-03 18:39:42.830,0x4Cead48cEf0d1B136e9937DC2Ed969318Dd2Ce31,5813953.4884,NULL,0xd415c8F8fC7b290acE1481b801E691374D9E1f08,0019030069,HGD12,0,,20200103183942,20200104003942,2020010300008,NULL,NULL,0.00086,5000
237,2020-01-03 23:33:13.147,0x4Cead48cEf0d1B136e9937DC2Ed969318Dd2Ce31,3488372.093,NULL,0xd415c8F8fC7b290acE1481b801E691374D9E1f08,0019030048,LOVE1004,0,,20200103233313,20200104053313,2020010300009,NULL,NULL,0.00086,3000
238,2020-01-04 11:18:53.490,0x4Cead48cEf0d1B136e9937DC2Ed969318Dd2Ce31,9302325.5814,NULL,0xE4aD1C2e34452f25fCBB0446218a836DE09b9f9E,0020010012,MS3450,1,0019120085,20200104111853,20200104171853,2020010400001,2020010400003,trans20200104133335,0.00086,8000
239,2020-01-04 12:32:46.263,0x4Cead48cEf0d1B136e9937DC2Ed969318Dd2Ce31,1162790.6977,NULL,0xe1eBD10a0dcEE23BF88b32c1524EF9D86A22F639,0019090200,HYUNGI56,0,,20200104123246,20200104183246,2020010400002,NULL,NULL,0.00086,1000
240,2020-01-05 15:02:01.363,0x4Cead48cEf0d1B136e9937DC2Ed969318Dd2Ce31,1162790.6977,NULL,0xEe3244362f58B5339db2E94a04918a1C17B78eA2,0019120083,JANA3831,0,,20200105150201,20200105210201,2020010500001,NULL,NULL,0.00086,1000
241,2020-01-06 17:34:14.653,0x4Cead48cEf0d1B136e9937DC2Ed969318Dd2Ce31,352941.1765,NULL,0x78f31dD8de8b8e778587607f1AE4e02CC87B884A,0020010019,CMJ08,1,0019080250,20200106173414,20200106233414,2020010600001,2020010600003,trans20200106180859,0.00085,300
242,2020-01-06 18:02:48.960,0x4Cead48cEf0d1B136e9937DC2Ed969318Dd2Ce31,1058823.5294,NULL,0xD7522248187aeb59A294e66c62B7b038b38EC830,0019063652,WYO9763,1,,20200106180248,20200107000248,2020010600002,2020010600004,trans20200106180901,0.00085,900
243,2020-01-07 12:21:56.847,0x4Cead48cEf0d1B136e9937DC2Ed969318Dd2Ce31,116279.0698,NULL,0xddEC01048Fa91e557508d325F237678199AA6eaA,0019100050,LISI65405,1,,20200107122156,20200107182156,2020010700001,2020010700003,trans20200107122849,0.00086,100
244,2020-01-07 14:07:05.397,0x4Cead48cEf0d1B136e9937DC2Ed969318Dd2Ce31,232558.1395,NULL,0xddEC01048Fa91e557508d325F237678199AA6eaA,0019072318,LJTS73594,1,,20200107140705,20200107200705,2020010700002,2020010700004,trans20200107144108,0.00086,200
245,2020-01-07 14:54:56.467,0x4Cead48cEf0d1B136e9937DC2Ed969318Dd2Ce31,116279.0698,NULL,0x78D6CFa3a718780790Ef520729738A459092750D,0020010006,TEST11,1,,20200107145456,20200107205456,2020010700003,2020010700005,trans20200107150238,0.00086,100
246,2020-01-08 14:43:45.910,0x4Cead48cEf0d1B136e9937DC2Ed969318Dd2Ce31,1276595.7447,NULL,0xe1eBD10a0dcEE23BF88b32c1524EF9D86A22F639,0020010022,BST0039,2,0019090200,20200108144345,20200108204345,2020010800001,NULL,NULL,0.00094,1200
247,2020-01-08 14:53:08.763,0x4Cead48cEf0d1B136e9937DC2Ed969318Dd2Ce31,1063829.7872,NULL,0xe1eBD10a0dcEE23BF88b32c1524EF9D86A22F639,0020010022,BST0039,0,0019090200,20200108145308,20200108205308,2020010800002,NULL,NULL,0.00094,1000
248,2020-01-08 16:36:00.050,0x4Cead48cEf0d1B136e9937DC2Ed969318Dd2Ce31,117647.0588,NULL,0xB35EDBa4530D95BBF1ad8C8C3CB23F1C42Eb17dE,0019052378,LHS6977,1,,20200108163600,20200108223600,2020010800003,2020010800007,trans20200108163841,0.00085,100
249,2020-01-09 15:45:27.350,0x4Cead48cEf0d1B136e9937DC2Ed969318Dd2Ce31,348837.2093,NULL,0xCFf2E39f7C0d3C69836eB9B98998bd805EdB3318,0019030280,KEJ0209,1,,20200109154527,20200109214527,2020010900001,2020010900008,trans20200109154905,0.00086,300
250,2020-01-09 16:45:39.107,0x4Cead48cEf0d1B136e9937DC2Ed969318Dd2Ce31,116279.0698,NULL,0x65a270961D08b826c0d78DC3eA8E8A39926cBe25,0019052381,CBS6659,1,,20200109164539,20200109224539,2020010900002,2020010900009,trans20200109170847,0.00086,100
251,2020-01-09 16:48:33.600,0x4Cead48cEf0d1B136e9937DC2Ed969318Dd2Ce31,116279.0698,NULL,0x65a270961D08b826c0d78DC3eA8E8A39926cBe25,0019052891,CBS4221,1,,20200109164833,20200109224833,2020010900003,2020010900010,trans20200109170850,0.00086,100
252,2020-01-09 17:54:50.980,0x4Cead48cEf0d1B136e9937DC2Ed969318Dd2Ce31,3488372.093,NULL,0x0dc30FF9C7ecb1F606aF40aDC19Ddf59b324BFBC,0019020019,KTOP207,1,,20200109175450,20200109235450,2020010900004,2020010900034,trans20200109180050,0.00086,3000
253,2020-01-10 13:27:17.660,0x4Cead48cEf0d1B136e9937DC2Ed969318Dd2Ce31,3488372.093,NULL,0x5D6b8c0774625A3FE4333C232d24bAaa4b363Dcf,0020010052,PJH92620,1,0019120078,20200110132717,20200110192717,2020011000001,2020011000001,trans20200110140336,0.00086,3000
254,2020-01-10 13:59:18.157,0x4Cead48cEf0d1B136e9937DC2Ed969318Dd2Ce31,1162790.6977,NULL,0xC1F26229E0F5f3ce389Ad10b4AAaa05dB1A26ffF,0019080514,KJS5549,1,,20200110135918,20200110195918,2020011000002,2020011000002,trans20200110140338,0.00086,1000
255,2020-01-10 14:05:13.780,0x4Cead48cEf0d1B136e9937DC2Ed969318Dd2Ce31,3488372.093,NULL,0xC1F26229E0F5f3ce389Ad10b4AAaa05dB1A26ffF,0019080515,KTE01,1,,20200110140513,20200110200513,2020011000003,2020011000003,trans20200110140819,0.00086,3000
256,2020-01-13 15:05:34.813,0x4Cead48cEf0d1B136e9937DC2Ed969318Dd2Ce31,1149425.2874,NULL,0xa516F55bc6ec81FaF165Dd3C241360F1BE938b21,0019030281,NES9867,1,,20200113150534,20200113210534,2020011300001,2020011300003,trans20200113152527,0.00087,1000
257,2020-01-13 15:08:25.923,0x4Cead48cEf0d1B136e9937DC2Ed969318Dd2Ce31,2298850.5747,NULL,0xa516F55bc6ec81FaF165Dd3C241360F1BE938b21,0019050710,NES01,0,,20200113150825,20200113210825,2020011300002,NULL,NULL,0.00087,2000
258,2020-01-13 15:45:08.593,0x4Cead48cEf0d1B136e9937DC2Ed969318Dd2Ce31,1149425.2874,NULL,0xa516F55bc6ec81FaF165Dd3C241360F1BE938b21,0020010056,NES03,1,0019080283,20200113154508,20200113214508,2020011300003,2020011300005,trans20200113162646,0.00087,1000
259,2020-01-13 15:48:37.257,0x4Cead48cEf0d1B136e9937DC2Ed969318Dd2Ce31,1149425.2874,NULL,0xa516F55bc6ec81FaF165Dd3C241360F1BE938b21,0020010057,NES04,1,0019080283,20200113154837,20200113214837,2020011300004,2020011300006,trans20200113162648,0.00087,1000
260,2020-01-13 16:02:35.837,0x4Cead48cEf0d1B136e9937DC2Ed969318Dd2Ce31,574712.6437,NULL,0xCFf2E39f7C0d3C69836eB9B98998bd805EdB3318,0019030180,LYH0603,1,,20200113160235,20200113220235,2020011300005,2020011300007,trans20200113162651,0.00087,500
261,2020-01-13 16:47:30.437,0x4Cead48cEf0d1B136e9937DC2Ed969318Dd2Ce31,1149425.2874,NULL,0xa516F55bc6ec81FaF165Dd3C241360F1BE938b21,0020010058,NES05,1,0020010056,20200113164730,20200113224730,2020011300006,2020011300008,trans20200113165228,0.00087,1000
262,2020-01-13 16:50:51.097,0x4Cead48cEf0d1B136e9937DC2Ed969318Dd2Ce31,1149425.2874,NULL,0xa516F55bc6ec81FaF165Dd3C241360F1BE938b21,0020010059,NES06,1,0019050710,20200113165051,20200113225051,2020011300007,2020011300009,trans20200113165230,0.00087,1000
263,2020-01-13 16:53:43.197,0x4Cead48cEf0d1B136e9937DC2Ed969318Dd2Ce31,1162790.6977,NULL,0xa516F55bc6ec81FaF165Dd3C241360F1BE938b21,0020010060,NES07,1,0019050710,20200113165343,20200113225343,2020011300008,2020011300010,trans20200113170540,0.00086,1000
264,2020-01-13 17:06:46.483,0x4Cead48cEf0d1B136e9937DC2Ed969318Dd2Ce31,465116.2791,NULL,0x78f31dD8de8b8e778587607f1AE4e02CC87B884A,0019020133,KBY8416,1,,20200113170646,20200113230646,2020011300009,2020011300011,trans20200113173636,0.00086,400
265,2020-01-13 17:13:49.543,0x4Cead48cEf0d1B136e9937DC2Ed969318Dd2Ce31,116279.0698,NULL,0xCFf2E39f7C0d3C69836eB9B98998bd805EdB3318,0019052382,CS3766,1,,20200113171349,20200113231349,2020011300010,2020011300012,trans20200113173639,0.00086,100
266,2020-01-14 15:19:17.247,0x4Cead48cEf0d1B136e9937DC2Ed969318Dd2Ce31,1149425.2874,NULL,0xa516F55bc6ec81FaF165Dd3C241360F1BE938b21,0020010059,NES06,1,,20200114151917,20200114211917,2020011400001,2020011400003,trans20200114152142,0.00087,1000
267,2020-01-14 16:49:52.553,0x4Cead48cEf0d1B136e9937DC2Ed969318Dd2Ce31,1162790.6977,NULL,0x0dc30FF9C7ecb1F606aF40aDC19Ddf59b324BFBC,0019071144,LSH9919,1,,20200114164952,20200114224952,2020011400002,2020011400006,trans20200114170318,0.00086,1000
268,2020-01-14 18:07:57.120,0x4Cead48cEf0d1B136e9937DC2Ed969318Dd2Ce31,1162790.6977,NULL,0xC5248BCA5341bc6950185eC188E5AB4c20E2Ea2c,0019072377,KJS1270,1,,20200114180757,20200115000757,2020011400003,2020011400009,trans20200114181428,0.00086,1000
269,2020-01-14 18:20:35.063,0x4Cead48cEf0d1B136e9937DC2Ed969318Dd2Ce31,4534883.7209,NULL,0xC5248BCA5341bc6950185eC188E5AB4c20E2Ea2c,0019110059,KJS004,1,,20200114182034,20200115002034,2020011400004,2020011400010,trans20200114183607,0.00086,3900
270,2020-01-15 13:58:12.553,0x4Cead48cEf0d1B136e9937DC2Ed969318Dd2Ce31,1162790.6977,NULL,0xa516F55bc6ec81FaF165Dd3C241360F1BE938b21,0020010057,NES04,1,,20200115135812,20200115195812,2020011500001,2020011500001,trans20200115141206,0.00086,1000
271,2020-01-15 15:38:24.523,0x4Cead48cEf0d1B136e9937DC2Ed969318Dd2Ce31,1052631.5789,NULL,0xa516F55bc6ec81FaF165Dd3C241360F1BE938b21,0020010059,NES06,1,,20200115153824,20200115213824,2020011500002,2020011500004,trans20200115160053,0.00095,1000
272,2020-01-15 16:16:37.173,0x4Cead48cEf0d1B136e9937DC2Ed969318Dd2Ce31,2105263.1579,NULL,0xa516F55bc6ec81FaF165Dd3C241360F1BE938b21,0020010060,NES07,1,,20200115161636,20200115221636,2020011500003,2020011500005,trans20200115162516,0.00095,2000
273,2020-01-15 16:35:09.073,0x4Cead48cEf0d1B136e9937DC2Ed969318Dd2Ce31,2105263.1579,NULL,0xa516F55bc6ec81FaF165Dd3C241360F1BE938b21,0020010062,NES08,1,0020010056,20200115163509,20200115223509,2020011500004,2020011500007,trans20200115170053,0.00095,2000
274,2020-01-15 16:42:11.563,0x4Cead48cEf0d1B136e9937DC2Ed969318Dd2Ce31,526315.7895,NULL,0xCFf2E39f7C0d3C69836eB9B98998bd805EdB3318,0019020080,PSW5977,1,,20200115164211,20200115224211,2020011500005,2020011500006,trans20200115170043,0.00095,500
275,2020-01-15 17:35:06.110,0x4Cead48cEf0d1B136e9937DC2Ed969318Dd2Ce31,1052631.5789,NULL,0x3618651B0d861cb9A1537565a828E1fDba2619ac,0020010063,LGS9302,2,0019051272,20200115173506,20200115233506,2020011500006,NULL,NULL,0.00095,1000
276,2020-01-15 18:02:03.947,0x4Cead48cEf0d1B136e9937DC2Ed969318Dd2Ce31,961538.4615,NULL,0x3618651B0d861cb9A1537565a828E1fDba2619ac,0020010063,LGS9302,1,0019051272,20200115180203,20200116000203,2020011500007,2020011500008,trans20200115180752,0.00104,1000
